{
  "service": {
    "service": "notes-api",
    "serviceObject": {
      "name": "notes-api"
    },
    "provider": {
      "name": "aws",
      "runtime": "nodejs14.x",
      "lambdaHashingVersion": "20201221",
      "stage": "dev",
      "region": "us-east-1",
      "versionFunctions": true,
      "compiledCloudFormationTemplate": {
        "AWSTemplateFormatVersion": "2010-09-09",
        "Description": "The AWS CloudFormation template for this Serverless application",
        "Resources": {
          "ServerlessDeploymentBucket": {
            "Type": "AWS::S3::Bucket",
            "Properties": {
              "BucketEncryption": {
                "ServerSideEncryptionConfiguration": [
                  {
                    "ServerSideEncryptionByDefault": {
                      "SSEAlgorithm": "AES256"
                    }
                  }
                ]
              }
            }
          },
          "ServerlessDeploymentBucketPolicy": {
            "Type": "AWS::S3::BucketPolicy",
            "Properties": {
              "Bucket": {
                "Ref": "ServerlessDeploymentBucket"
              },
              "PolicyDocument": {
                "Statement": [
                  {
                    "Action": "s3:*",
                    "Effect": "Deny",
                    "Principal": "*",
                    "Resource": [
                      {
                        "Fn::Join": [
                          "",
                          [
                            "arn:",
                            {
                              "Ref": "AWS::Partition"
                            },
                            ":s3:::",
                            {
                              "Ref": "ServerlessDeploymentBucket"
                            },
                            "/*"
                          ]
                        ]
                      },
                      {
                        "Fn::Join": [
                          "",
                          [
                            "arn:",
                            {
                              "Ref": "AWS::Partition"
                            },
                            ":s3:::",
                            {
                              "Ref": "ServerlessDeploymentBucket"
                            }
                          ]
                        ]
                      }
                    ],
                    "Condition": {
                      "Bool": {
                        "aws:SecureTransport": false
                      }
                    }
                  }
                ]
              }
            }
          },
          "AuthorizerLogGroup": {
            "Type": "AWS::Logs::LogGroup",
            "Properties": {
              "LogGroupName": "/aws/lambda/notes-api-dev-authorizer"
            }
          },
          "CreateNoteLogGroup": {
            "Type": "AWS::Logs::LogGroup",
            "Properties": {
              "LogGroupName": "/aws/lambda/notes-api-dev-createNote"
            }
          },
          "UpdateNoteLogGroup": {
            "Type": "AWS::Logs::LogGroup",
            "Properties": {
              "LogGroupName": "/aws/lambda/notes-api-dev-updateNote"
            }
          },
          "DeleteNoteLogGroup": {
            "Type": "AWS::Logs::LogGroup",
            "Properties": {
              "LogGroupName": "/aws/lambda/notes-api-dev-deleteNote"
            }
          },
          "GetAllNotesLogGroup": {
            "Type": "AWS::Logs::LogGroup",
            "Properties": {
              "LogGroupName": "/aws/lambda/notes-api-dev-getAllNotes"
            }
          },
          "IamRoleLambdaExecution": {
            "Type": "AWS::IAM::Role",
            "Properties": {
              "AssumeRolePolicyDocument": {
                "Version": "2012-10-17",
                "Statement": [
                  {
                    "Effect": "Allow",
                    "Principal": {
                      "Service": [
                        "lambda.amazonaws.com"
                      ]
                    },
                    "Action": [
                      "sts:AssumeRole"
                    ]
                  }
                ]
              },
              "Policies": [
                {
                  "PolicyName": {
                    "Fn::Join": [
                      "-",
                      [
                        "notes-api",
                        "dev",
                        "lambda"
                      ]
                    ]
                  },
                  "PolicyDocument": {
                    "Version": "2012-10-17",
                    "Statement": [
                      {
                        "Effect": "Allow",
                        "Action": [
                          "logs:CreateLogStream",
                          "logs:CreateLogGroup"
                        ],
                        "Resource": [
                          {
                            "Fn::Sub": "arn:${AWS::Partition}:logs:${AWS::Region}:${AWS::AccountId}:log-group:/aws/lambda/notes-api-dev*:*"
                          }
                        ]
                      },
                      {
                        "Effect": "Allow",
                        "Action": [
                          "logs:PutLogEvents"
                        ],
                        "Resource": [
                          {
                            "Fn::Sub": "arn:${AWS::Partition}:logs:${AWS::Region}:${AWS::AccountId}:log-group:/aws/lambda/notes-api-dev*:*:*"
                          }
                        ]
                      }
                    ]
                  }
                }
              ],
              "Path": "/",
              "RoleName": {
                "Fn::Join": [
                  "-",
                  [
                    "notes-api",
                    "dev",
                    {
                      "Ref": "AWS::Region"
                    },
                    "lambdaRole"
                  ]
                ]
              }
            }
          },
          "EnterpriseLogAccessIamRole": {
            "Type": "AWS::IAM::Role",
            "Properties": {
              "AssumeRolePolicyDocument": {
                "Version": "2012-10-17",
                "Statement": [
                  {
                    "Effect": "Allow",
                    "Principal": {
                      "AWS": "arn:aws:iam::802587217904:root"
                    },
                    "Action": "sts:AssumeRole",
                    "Condition": {
                      "StringEquals": {
                        "sts:ExternalId": "ServerlessEnterprise-00f4ad9d-c4da-4bdf-bbb4-5b6022df34ef"
                      }
                    }
                  }
                ]
              },
              "Policies": [
                {
                  "PolicyName": "LogFilterAccess",
                  "PolicyDocument": {
                    "Version": "2012-10-17",
                    "Statement": [
                      {
                        "Effect": "Allow",
                        "Action": [
                          "logs:FilterLogEvents"
                        ],
                        "Resource": [
                          {
                            "Fn::GetAtt": [
                              "AuthorizerLogGroup",
                              "Arn"
                            ]
                          },
                          {
                            "Fn::GetAtt": [
                              "CreateNoteLogGroup",
                              "Arn"
                            ]
                          },
                          {
                            "Fn::GetAtt": [
                              "UpdateNoteLogGroup",
                              "Arn"
                            ]
                          },
                          {
                            "Fn::GetAtt": [
                              "DeleteNoteLogGroup",
                              "Arn"
                            ]
                          },
                          {
                            "Fn::GetAtt": [
                              "GetAllNotesLogGroup",
                              "Arn"
                            ]
                          }
                        ]
                      }
                    ]
                  }
                }
              ]
            }
          },
          "AuthorizerLambdaFunction": {
            "Type": "AWS::Lambda::Function",
            "Properties": {
              "Code": {
                "S3Bucket": {
                  "Ref": "ServerlessDeploymentBucket"
                },
                "S3Key": "serverless/notes-api/dev/1676389442869-2023-02-14T15:44:02.869Z/notes-api.zip"
              },
              "Handler": "s_authorizer.handler",
              "Runtime": "nodejs14.x",
              "FunctionName": "notes-api-dev-authorizer",
              "MemorySize": 1024,
              "Timeout": 6,
              "Environment": {
                "Variables": {
                  "COGNITO_USERPOOL_ID": {
                    "Ref": "cognitoUserPool"
                  },
                  "COGNITO_WEB_CLIENT_ID": {
                    "Ref": "cognitoUserPoolWebClient"
                  }
                }
              },
              "Role": {
                "Fn::GetAtt": [
                  "IamRoleLambdaExecution",
                  "Arn"
                ]
              }
            },
            "DependsOn": [
              "AuthorizerLogGroup"
            ]
          },
          "CreateNoteLambdaFunction": {
            "Type": "AWS::Lambda::Function",
            "Properties": {
              "Code": {
                "S3Bucket": {
                  "Ref": "ServerlessDeploymentBucket"
                },
                "S3Key": "serverless/notes-api/dev/1676389442869-2023-02-14T15:44:02.869Z/notes-api.zip"
              },
              "Handler": "s_createNote.handler",
              "Runtime": "nodejs14.x",
              "FunctionName": "notes-api-dev-createNote",
              "MemorySize": 1024,
              "Timeout": 6,
              "Environment": {
                "Variables": {
                  "NOTES_TABLE_NAME": {
                    "Ref": "zmmttNotesTable"
                  },
                  "AWS_NODEJS_CONNECTION_REUSE_ENABLED": "1"
                }
              },
              "Role": {
                "Fn::GetAtt": [
                  "CreateNoteIamRoleLambdaExecution",
                  "Arn"
                ]
              }
            },
            "DependsOn": [
              "CreateNoteIamRoleLambdaExecution",
              "CreateNoteLogGroup"
            ]
          },
          "UpdateNoteLambdaFunction": {
            "Type": "AWS::Lambda::Function",
            "Properties": {
              "Code": {
                "S3Bucket": {
                  "Ref": "ServerlessDeploymentBucket"
                },
                "S3Key": "serverless/notes-api/dev/1676389442869-2023-02-14T15:44:02.869Z/notes-api.zip"
              },
              "Handler": "s_updateNote.handler",
              "Runtime": "nodejs14.x",
              "FunctionName": "notes-api-dev-updateNote",
              "MemorySize": 1024,
              "Timeout": 6,
              "Environment": {
                "Variables": {
                  "NOTES_TABLE_NAME": {
                    "Ref": "zmmttNotesTable"
                  },
                  "AWS_NODEJS_CONNECTION_REUSE_ENABLED": "1"
                }
              },
              "Role": {
                "Fn::GetAtt": [
                  "UpdateNoteIamRoleLambdaExecution",
                  "Arn"
                ]
              }
            },
            "DependsOn": [
              "UpdateNoteIamRoleLambdaExecution",
              "UpdateNoteLogGroup"
            ]
          },
          "DeleteNoteLambdaFunction": {
            "Type": "AWS::Lambda::Function",
            "Properties": {
              "Code": {
                "S3Bucket": {
                  "Ref": "ServerlessDeploymentBucket"
                },
                "S3Key": "serverless/notes-api/dev/1676389442869-2023-02-14T15:44:02.869Z/notes-api.zip"
              },
              "Handler": "s_deleteNote.handler",
              "Runtime": "nodejs14.x",
              "FunctionName": "notes-api-dev-deleteNote",
              "MemorySize": 1024,
              "Timeout": 6,
              "Environment": {
                "Variables": {
                  "NOTES_TABLE_NAME": {
                    "Ref": "zmmttNotesTable"
                  },
                  "AWS_NODEJS_CONNECTION_REUSE_ENABLED": "1"
                }
              },
              "Role": {
                "Fn::GetAtt": [
                  "DeleteNoteIamRoleLambdaExecution",
                  "Arn"
                ]
              }
            },
            "DependsOn": [
              "DeleteNoteIamRoleLambdaExecution",
              "DeleteNoteLogGroup"
            ]
          },
          "GetAllNotesLambdaFunction": {
            "Type": "AWS::Lambda::Function",
            "Properties": {
              "Code": {
                "S3Bucket": {
                  "Ref": "ServerlessDeploymentBucket"
                },
                "S3Key": "serverless/notes-api/dev/1676389442869-2023-02-14T15:44:02.869Z/notes-api.zip"
              },
              "Handler": "s_getAllNotes.handler",
              "Runtime": "nodejs14.x",
              "FunctionName": "notes-api-dev-getAllNotes",
              "MemorySize": 1024,
              "Timeout": 6,
              "Environment": {
                "Variables": {
                  "NOTES_TABLE_NAME": {
                    "Ref": "zmmttNotesTable"
                  },
                  "AWS_NODEJS_CONNECTION_REUSE_ENABLED": "1"
                }
              },
              "Role": {
                "Fn::GetAtt": [
                  "GetAllNotesIamRoleLambdaExecution",
                  "Arn"
                ]
              }
            },
            "DependsOn": [
              "GetAllNotesIamRoleLambdaExecution",
              "GetAllNotesLogGroup"
            ]
          },
          "AuthorizerLambdaVersionmSnffBs2fhtYzm7hWkm20Hhn0PTDViEneG0vLwow": {
            "Type": "AWS::Lambda::Version",
            "DeletionPolicy": "Retain",
            "Properties": {
              "FunctionName": {
                "Ref": "AuthorizerLambdaFunction"
              },
              "CodeSha256": "vsCIawpwLNtrb1onr/BQnKcIkoJYKix/bOHRE52dFS8="
            }
          },
          "CreateNoteLambdaVersionZG1kxsT67gKje7BwmUpaJ6xJTXDxmWvdljVmsJh8I": {
            "Type": "AWS::Lambda::Version",
            "DeletionPolicy": "Retain",
            "Properties": {
              "FunctionName": {
                "Ref": "CreateNoteLambdaFunction"
              },
              "CodeSha256": "vsCIawpwLNtrb1onr/BQnKcIkoJYKix/bOHRE52dFS8="
            }
          },
          "UpdateNoteLambdaVersionyhanHjarDaTaqNERkx24X3Q5xwyxFWCUxbv0w7kw5M": {
            "Type": "AWS::Lambda::Version",
            "DeletionPolicy": "Retain",
            "Properties": {
              "FunctionName": {
                "Ref": "UpdateNoteLambdaFunction"
              },
              "CodeSha256": "vsCIawpwLNtrb1onr/BQnKcIkoJYKix/bOHRE52dFS8="
            }
          },
          "DeleteNoteLambdaVersionEbKQzRF8EhJJexqKsPHhn6ia6gKomBGQpDDJHMw0gg": {
            "Type": "AWS::Lambda::Version",
            "DeletionPolicy": "Retain",
            "Properties": {
              "FunctionName": {
                "Ref": "DeleteNoteLambdaFunction"
              },
              "CodeSha256": "vsCIawpwLNtrb1onr/BQnKcIkoJYKix/bOHRE52dFS8="
            }
          },
          "GetAllNotesLambdaVersionruyGU9ROm60Pf0GjA0z7UMZh3fZjrPala53dU75qI": {
            "Type": "AWS::Lambda::Version",
            "DeletionPolicy": "Retain",
            "Properties": {
              "FunctionName": {
                "Ref": "GetAllNotesLambdaFunction"
              },
              "CodeSha256": "vsCIawpwLNtrb1onr/BQnKcIkoJYKix/bOHRE52dFS8="
            }
          },
          "ApiGatewayRestApi": {
            "Type": "AWS::ApiGateway::RestApi",
            "Properties": {
              "Name": "dev-notes-api",
              "EndpointConfiguration": {
                "Types": [
                  "EDGE"
                ]
              },
              "Policy": ""
            }
          },
          "ApiGatewayResourceNotes": {
            "Type": "AWS::ApiGateway::Resource",
            "Properties": {
              "ParentId": {
                "Fn::GetAtt": [
                  "ApiGatewayRestApi",
                  "RootResourceId"
                ]
              },
              "PathPart": "notes",
              "RestApiId": {
                "Ref": "ApiGatewayRestApi"
              }
            }
          },
          "ApiGatewayResourceNotesIdnotaVar": {
            "Type": "AWS::ApiGateway::Resource",
            "Properties": {
              "ParentId": {
                "Ref": "ApiGatewayResourceNotes"
              },
              "PathPart": "{idNota}",
              "RestApiId": {
                "Ref": "ApiGatewayRestApi"
              }
            }
          },
          "ApiGatewayMethodNotesPost": {
            "Type": "AWS::ApiGateway::Method",
            "Properties": {
              "HttpMethod": "POST",
              "RequestParameters": {},
              "ResourceId": {
                "Ref": "ApiGatewayResourceNotes"
              },
              "RestApiId": {
                "Ref": "ApiGatewayRestApi"
              },
              "ApiKeyRequired": false,
              "AuthorizationType": "CUSTOM",
              "AuthorizerId": {
                "Ref": "AuthorizerApiGatewayAuthorizer"
              },
              "Integration": {
                "IntegrationHttpMethod": "POST",
                "Type": "AWS_PROXY",
                "Uri": {
                  "Fn::Join": [
                    "",
                    [
                      "arn:",
                      {
                        "Ref": "AWS::Partition"
                      },
                      ":apigateway:",
                      {
                        "Ref": "AWS::Region"
                      },
                      ":lambda:path/2015-03-31/functions/",
                      {
                        "Fn::GetAtt": [
                          "CreateNoteLambdaFunction",
                          "Arn"
                        ]
                      },
                      "/invocations"
                    ]
                  ]
                }
              },
              "MethodResponses": []
            },
            "DependsOn": "AuthorizerApiGatewayAuthorizer"
          },
          "ApiGatewayMethodNotesIdnotaVarPut": {
            "Type": "AWS::ApiGateway::Method",
            "Properties": {
              "HttpMethod": "PUT",
              "RequestParameters": {},
              "ResourceId": {
                "Ref": "ApiGatewayResourceNotesIdnotaVar"
              },
              "RestApiId": {
                "Ref": "ApiGatewayRestApi"
              },
              "ApiKeyRequired": false,
              "AuthorizationType": "CUSTOM",
              "AuthorizerId": {
                "Ref": "AuthorizerApiGatewayAuthorizer"
              },
              "Integration": {
                "IntegrationHttpMethod": "POST",
                "Type": "AWS_PROXY",
                "Uri": {
                  "Fn::Join": [
                    "",
                    [
                      "arn:",
                      {
                        "Ref": "AWS::Partition"
                      },
                      ":apigateway:",
                      {
                        "Ref": "AWS::Region"
                      },
                      ":lambda:path/2015-03-31/functions/",
                      {
                        "Fn::GetAtt": [
                          "UpdateNoteLambdaFunction",
                          "Arn"
                        ]
                      },
                      "/invocations"
                    ]
                  ]
                }
              },
              "MethodResponses": []
            },
            "DependsOn": "AuthorizerApiGatewayAuthorizer"
          },
          "ApiGatewayMethodNotesIdnotaVarDelete": {
            "Type": "AWS::ApiGateway::Method",
            "Properties": {
              "HttpMethod": "DELETE",
              "RequestParameters": {},
              "ResourceId": {
                "Ref": "ApiGatewayResourceNotesIdnotaVar"
              },
              "RestApiId": {
                "Ref": "ApiGatewayRestApi"
              },
              "ApiKeyRequired": false,
              "AuthorizationType": "CUSTOM",
              "AuthorizerId": {
                "Ref": "AuthorizerApiGatewayAuthorizer"
              },
              "Integration": {
                "IntegrationHttpMethod": "POST",
                "Type": "AWS_PROXY",
                "Uri": {
                  "Fn::Join": [
                    "",
                    [
                      "arn:",
                      {
                        "Ref": "AWS::Partition"
                      },
                      ":apigateway:",
                      {
                        "Ref": "AWS::Region"
                      },
                      ":lambda:path/2015-03-31/functions/",
                      {
                        "Fn::GetAtt": [
                          "DeleteNoteLambdaFunction",
                          "Arn"
                        ]
                      },
                      "/invocations"
                    ]
                  ]
                }
              },
              "MethodResponses": []
            },
            "DependsOn": "AuthorizerApiGatewayAuthorizer"
          },
          "ApiGatewayMethodNotesGet": {
            "Type": "AWS::ApiGateway::Method",
            "Properties": {
              "HttpMethod": "GET",
              "RequestParameters": {},
              "ResourceId": {
                "Ref": "ApiGatewayResourceNotes"
              },
              "RestApiId": {
                "Ref": "ApiGatewayRestApi"
              },
              "ApiKeyRequired": false,
              "AuthorizationType": "COGNITO_USER_POOLS",
              "AuthorizerId": {
                "Ref": "UserpoolUnderscoreauthorizerApiGatewayAuthorizer"
              },
              "Integration": {
                "IntegrationHttpMethod": "POST",
                "Type": "AWS_PROXY",
                "Uri": {
                  "Fn::Join": [
                    "",
                    [
                      "arn:",
                      {
                        "Ref": "AWS::Partition"
                      },
                      ":apigateway:",
                      {
                        "Ref": "AWS::Region"
                      },
                      ":lambda:path/2015-03-31/functions/",
                      {
                        "Fn::GetAtt": [
                          "GetAllNotesLambdaFunction",
                          "Arn"
                        ]
                      },
                      "/invocations"
                    ]
                  ]
                }
              },
              "MethodResponses": []
            },
            "DependsOn": "UserpoolUnderscoreauthorizerApiGatewayAuthorizer"
          },
          "AuthorizerApiGatewayAuthorizer": {
            "Type": "AWS::ApiGateway::Authorizer",
            "Properties": {
              "IdentitySource": "method.request.header.Authorization",
              "Name": "authorizer",
              "RestApiId": {
                "Ref": "ApiGatewayRestApi"
              },
              "AuthorizerUri": {
                "Fn::Join": [
                  "",
                  [
                    "arn:",
                    {
                      "Ref": "AWS::Partition"
                    },
                    ":apigateway:",
                    {
                      "Ref": "AWS::Region"
                    },
                    ":lambda:path/2015-03-31/functions/",
                    {
                      "Fn::GetAtt": [
                        "AuthorizerLambdaFunction",
                        "Arn"
                      ]
                    },
                    "/invocations"
                  ]
                ]
              },
              "Type": "TOKEN"
            }
          },
          "UserpoolUnderscoreauthorizerApiGatewayAuthorizer": {
            "Type": "AWS::ApiGateway::Authorizer",
            "Properties": {
              "AuthorizerResultTtlInSeconds": 300,
              "IdentitySource": "method.request.header.Authorization",
              "Name": "userpool_authorizer",
              "RestApiId": {
                "Ref": "ApiGatewayRestApi"
              },
              "Type": "COGNITO_USER_POOLS",
              "ProviderARNs": [
                {
                  "Fn::GetAtt": [
                    "cognitoUserPool",
                    "Arn"
                  ]
                }
              ]
            }
          },
          "ApiGatewayDeployment1676389436550": {
            "Type": "AWS::ApiGateway::Deployment",
            "Properties": {
              "RestApiId": {
                "Ref": "ApiGatewayRestApi"
              },
              "StageName": "dev"
            },
            "DependsOn": [
              "ApiGatewayMethodNotesPost",
              "ApiGatewayMethodNotesIdnotaVarPut",
              "ApiGatewayMethodNotesIdnotaVarDelete",
              "ApiGatewayMethodNotesGet"
            ]
          },
          "CreateNoteLambdaPermissionApiGateway": {
            "Type": "AWS::Lambda::Permission",
            "Properties": {
              "FunctionName": {
                "Fn::GetAtt": [
                  "CreateNoteLambdaFunction",
                  "Arn"
                ]
              },
              "Action": "lambda:InvokeFunction",
              "Principal": "apigateway.amazonaws.com",
              "SourceArn": {
                "Fn::Join": [
                  "",
                  [
                    "arn:",
                    {
                      "Ref": "AWS::Partition"
                    },
                    ":execute-api:",
                    {
                      "Ref": "AWS::Region"
                    },
                    ":",
                    {
                      "Ref": "AWS::AccountId"
                    },
                    ":",
                    {
                      "Ref": "ApiGatewayRestApi"
                    },
                    "/*/*"
                  ]
                ]
              }
            }
          },
          "AuthorizerLambdaPermissionApiGateway": {
            "Type": "AWS::Lambda::Permission",
            "Properties": {
              "FunctionName": {
                "Fn::GetAtt": [
                  "AuthorizerLambdaFunction",
                  "Arn"
                ]
              },
              "Action": "lambda:InvokeFunction",
              "Principal": "apigateway.amazonaws.com",
              "SourceArn": {
                "Fn::Join": [
                  "",
                  [
                    "arn:",
                    {
                      "Ref": "AWS::Partition"
                    },
                    ":execute-api:",
                    {
                      "Ref": "AWS::Region"
                    },
                    ":",
                    {
                      "Ref": "AWS::AccountId"
                    },
                    ":",
                    {
                      "Ref": "ApiGatewayRestApi"
                    },
                    "/*/*"
                  ]
                ]
              }
            }
          },
          "UpdateNoteLambdaPermissionApiGateway": {
            "Type": "AWS::Lambda::Permission",
            "Properties": {
              "FunctionName": {
                "Fn::GetAtt": [
                  "UpdateNoteLambdaFunction",
                  "Arn"
                ]
              },
              "Action": "lambda:InvokeFunction",
              "Principal": "apigateway.amazonaws.com",
              "SourceArn": {
                "Fn::Join": [
                  "",
                  [
                    "arn:",
                    {
                      "Ref": "AWS::Partition"
                    },
                    ":execute-api:",
                    {
                      "Ref": "AWS::Region"
                    },
                    ":",
                    {
                      "Ref": "AWS::AccountId"
                    },
                    ":",
                    {
                      "Ref": "ApiGatewayRestApi"
                    },
                    "/*/*"
                  ]
                ]
              }
            }
          },
          "DeleteNoteLambdaPermissionApiGateway": {
            "Type": "AWS::Lambda::Permission",
            "Properties": {
              "FunctionName": {
                "Fn::GetAtt": [
                  "DeleteNoteLambdaFunction",
                  "Arn"
                ]
              },
              "Action": "lambda:InvokeFunction",
              "Principal": "apigateway.amazonaws.com",
              "SourceArn": {
                "Fn::Join": [
                  "",
                  [
                    "arn:",
                    {
                      "Ref": "AWS::Partition"
                    },
                    ":execute-api:",
                    {
                      "Ref": "AWS::Region"
                    },
                    ":",
                    {
                      "Ref": "AWS::AccountId"
                    },
                    ":",
                    {
                      "Ref": "ApiGatewayRestApi"
                    },
                    "/*/*"
                  ]
                ]
              }
            }
          },
          "GetAllNotesLambdaPermissionApiGateway": {
            "Type": "AWS::Lambda::Permission",
            "Properties": {
              "FunctionName": {
                "Fn::GetAtt": [
                  "GetAllNotesLambdaFunction",
                  "Arn"
                ]
              },
              "Action": "lambda:InvokeFunction",
              "Principal": "apigateway.amazonaws.com",
              "SourceArn": {
                "Fn::Join": [
                  "",
                  [
                    "arn:",
                    {
                      "Ref": "AWS::Partition"
                    },
                    ":execute-api:",
                    {
                      "Ref": "AWS::Region"
                    },
                    ":",
                    {
                      "Ref": "AWS::AccountId"
                    },
                    ":",
                    {
                      "Ref": "ApiGatewayRestApi"
                    },
                    "/*/*"
                  ]
                ]
              }
            }
          },
          "ApiGatewayLogGroup": {
            "Type": "AWS::Logs::LogGroup",
            "Properties": {
              "LogGroupName": "/aws/api-gateway/notes-api-dev"
            }
          },
          "CustomApiGatewayAccountCloudWatchRole": {
            "Type": "Custom::ApiGatewayAccountRole",
            "Version": 1,
            "Properties": {
              "ServiceToken": {
                "Fn::GetAtt": [
                  "CustomDashresourceDashapigwDashcwDashroleLambdaFunction",
                  "Arn"
                ]
              }
            }
          },
          "IamRoleCustomResourcesLambdaExecution": {
            "Type": "AWS::IAM::Role",
            "Properties": {
              "AssumeRolePolicyDocument": {
                "Version": "2012-10-17",
                "Statement": [
                  {
                    "Effect": "Allow",
                    "Principal": {
                      "Service": [
                        "lambda.amazonaws.com"
                      ]
                    },
                    "Action": [
                      "sts:AssumeRole"
                    ]
                  }
                ]
              },
              "Policies": [
                {
                  "PolicyName": {
                    "Fn::Join": [
                      "-",
                      [
                        "dev",
                        "notes-api",
                        "custom-resources-lambda"
                      ]
                    ]
                  },
                  "PolicyDocument": {
                    "Version": "2012-10-17",
                    "Statement": [
                      {
                        "Effect": "Allow",
                        "Resource": {
                          "Fn::Join": [
                            ":",
                            [
                              "arn",
                              {
                                "Ref": "AWS::Partition"
                              },
                              "iam:",
                              {
                                "Ref": "AWS::AccountId"
                              },
                              "role/*"
                            ]
                          ]
                        },
                        "Action": [
                          "iam:AttachRolePolicy",
                          "iam:CreateRole",
                          "iam:ListAttachedRolePolicies",
                          "iam:PassRole"
                        ]
                      },
                      {
                        "Effect": "Allow",
                        "Resource": {
                          "Fn::Join": [
                            ":",
                            [
                              "arn",
                              {
                                "Ref": "AWS::Partition"
                              },
                              "apigateway:*::/account"
                            ]
                          ]
                        },
                        "Action": [
                          "apigateway:GET",
                          "apigateway:PATCH"
                        ]
                      }
                    ]
                  }
                }
              ]
            }
          },
          "CustomDashresourceDashapigwDashcwDashroleLambdaFunction": {
            "Type": "AWS::Lambda::Function",
            "Properties": {
              "Code": {
                "S3Bucket": {
                  "Ref": "ServerlessDeploymentBucket"
                },
                "S3Key": "serverless/notes-api/dev/1676389442869-2023-02-14T15:44:02.869Z/custom-resources.zip"
              },
              "FunctionName": "notes-api-dev-custom-resource-apigw-cw-role",
              "Handler": "api-gateway-cloud-watch-role/handler.handler",
              "MemorySize": 1024,
              "Runtime": "nodejs16.x",
              "Timeout": 180,
              "Role": {
                "Fn::GetAtt": [
                  "IamRoleCustomResourcesLambdaExecution",
                  "Arn"
                ]
              }
            },
            "DependsOn": [
              "IamRoleCustomResourcesLambdaExecution"
            ]
          },
          "CreateNoteIamRoleLambdaExecution": {
            "Type": "AWS::IAM::Role",
            "Properties": {
              "AssumeRolePolicyDocument": {
                "Version": "2012-10-17",
                "Statement": [
                  {
                    "Effect": "Allow",
                    "Principal": {
                      "Service": [
                        "lambda.amazonaws.com"
                      ]
                    },
                    "Action": [
                      "sts:AssumeRole"
                    ]
                  }
                ]
              },
              "Policies": [
                {
                  "PolicyName": {
                    "Fn::Join": [
                      "-",
                      [
                        "notes-api",
                        "dev",
                        "lambda"
                      ]
                    ]
                  },
                  "PolicyDocument": {
                    "Version": "2012-10-17",
                    "Statement": [
                      {
                        "Effect": "Allow",
                        "Action": [
                          "logs:CreateLogStream",
                          "logs:CreateLogGroup",
                          "logs:PutLogEvents"
                        ],
                        "Resource": [
                          {
                            "Fn::Sub": "arn:${AWS::Partition}:logs:${AWS::Region}:${AWS::AccountId}:log-group:/aws/lambda/notes-api-dev-createNote:*:*"
                          }
                        ]
                      },
                      {
                        "Effect": "Allow",
                        "Action": [
                          "dynamodb:PutItem"
                        ],
                        "Resource": {
                          "Fn::GetAtt": [
                            "zmmttNotesTable",
                            "Arn"
                          ]
                        }
                      }
                    ]
                  }
                }
              ],
              "Path": "/",
              "RoleName": {
                "Fn::Join": [
                  "-",
                  [
                    "notes-api",
                    "dev",
                    "createNote",
                    {
                      "Ref": "AWS::Region"
                    },
                    "lambdaRole"
                  ]
                ]
              },
              "ManagedPolicyArns": []
            }
          },
          "UpdateNoteIamRoleLambdaExecution": {
            "Type": "AWS::IAM::Role",
            "Properties": {
              "AssumeRolePolicyDocument": {
                "Version": "2012-10-17",
                "Statement": [
                  {
                    "Effect": "Allow",
                    "Principal": {
                      "Service": [
                        "lambda.amazonaws.com"
                      ]
                    },
                    "Action": [
                      "sts:AssumeRole"
                    ]
                  }
                ]
              },
              "Policies": [
                {
                  "PolicyName": {
                    "Fn::Join": [
                      "-",
                      [
                        "notes-api",
                        "dev",
                        "lambda"
                      ]
                    ]
                  },
                  "PolicyDocument": {
                    "Version": "2012-10-17",
                    "Statement": [
                      {
                        "Effect": "Allow",
                        "Action": [
                          "logs:CreateLogStream",
                          "logs:CreateLogGroup",
                          "logs:PutLogEvents"
                        ],
                        "Resource": [
                          {
                            "Fn::Sub": "arn:${AWS::Partition}:logs:${AWS::Region}:${AWS::AccountId}:log-group:/aws/lambda/notes-api-dev-updateNote:*:*"
                          }
                        ]
                      },
                      {
                        "Effect": "Allow",
                        "Action": [
                          "dynamodb:UpdateItem"
                        ],
                        "Resource": {
                          "Fn::GetAtt": [
                            "zmmttNotesTable",
                            "Arn"
                          ]
                        }
                      }
                    ]
                  }
                }
              ],
              "Path": "/",
              "RoleName": {
                "Fn::Join": [
                  "-",
                  [
                    "notes-api",
                    "dev",
                    "updateNote",
                    {
                      "Ref": "AWS::Region"
                    },
                    "lambdaRole"
                  ]
                ]
              },
              "ManagedPolicyArns": []
            }
          },
          "DeleteNoteIamRoleLambdaExecution": {
            "Type": "AWS::IAM::Role",
            "Properties": {
              "AssumeRolePolicyDocument": {
                "Version": "2012-10-17",
                "Statement": [
                  {
                    "Effect": "Allow",
                    "Principal": {
                      "Service": [
                        "lambda.amazonaws.com"
                      ]
                    },
                    "Action": [
                      "sts:AssumeRole"
                    ]
                  }
                ]
              },
              "Policies": [
                {
                  "PolicyName": {
                    "Fn::Join": [
                      "-",
                      [
                        "notes-api",
                        "dev",
                        "lambda"
                      ]
                    ]
                  },
                  "PolicyDocument": {
                    "Version": "2012-10-17",
                    "Statement": [
                      {
                        "Effect": "Allow",
                        "Action": [
                          "logs:CreateLogStream",
                          "logs:CreateLogGroup",
                          "logs:PutLogEvents"
                        ],
                        "Resource": [
                          {
                            "Fn::Sub": "arn:${AWS::Partition}:logs:${AWS::Region}:${AWS::AccountId}:log-group:/aws/lambda/notes-api-dev-deleteNote:*:*"
                          }
                        ]
                      },
                      {
                        "Effect": "Allow",
                        "Action": [
                          "dynamodb:DeleteItem"
                        ],
                        "Resource": {
                          "Fn::GetAtt": [
                            "zmmttNotesTable",
                            "Arn"
                          ]
                        }
                      }
                    ]
                  }
                }
              ],
              "Path": "/",
              "RoleName": {
                "Fn::Join": [
                  "-",
                  [
                    "notes-api",
                    "dev",
                    "deleteNote",
                    {
                      "Ref": "AWS::Region"
                    },
                    "lambdaRole"
                  ]
                ]
              },
              "ManagedPolicyArns": []
            }
          },
          "GetAllNotesIamRoleLambdaExecution": {
            "Type": "AWS::IAM::Role",
            "Properties": {
              "AssumeRolePolicyDocument": {
                "Version": "2012-10-17",
                "Statement": [
                  {
                    "Effect": "Allow",
                    "Principal": {
                      "Service": [
                        "lambda.amazonaws.com"
                      ]
                    },
                    "Action": [
                      "sts:AssumeRole"
                    ]
                  }
                ]
              },
              "Policies": [
                {
                  "PolicyName": {
                    "Fn::Join": [
                      "-",
                      [
                        "notes-api",
                        "dev",
                        "lambda"
                      ]
                    ]
                  },
                  "PolicyDocument": {
                    "Version": "2012-10-17",
                    "Statement": [
                      {
                        "Effect": "Allow",
                        "Action": [
                          "logs:CreateLogStream",
                          "logs:CreateLogGroup",
                          "logs:PutLogEvents"
                        ],
                        "Resource": [
                          {
                            "Fn::Sub": "arn:${AWS::Partition}:logs:${AWS::Region}:${AWS::AccountId}:log-group:/aws/lambda/notes-api-dev-getAllNotes:*:*"
                          }
                        ]
                      },
                      {
                        "Effect": "Allow",
                        "Action": [
                          "dynamodb:Scan"
                        ],
                        "Resource": {
                          "Fn::GetAtt": [
                            "zmmttNotesTable",
                            "Arn"
                          ]
                        }
                      }
                    ]
                  }
                }
              ],
              "Path": "/",
              "RoleName": {
                "Fn::Join": [
                  "-",
                  [
                    "notes-api",
                    "dev",
                    "getAllNotes",
                    {
                      "Ref": "AWS::Region"
                    },
                    "lambdaRole"
                  ]
                ]
              },
              "ManagedPolicyArns": []
            }
          },
          "zmmttNotesTable": {
            "Type": "AWS::DynamoDB::Table",
            "Properties": {
              "TableName": "zmmttNotesTable-dev",
              "BillingMode": "PAY_PER_REQUEST",
              "AttributeDefinitions": [
                {
                  "AttributeName": "notesID",
                  "AttributeType": "S"
                }
              ],
              "KeySchema": [
                {
                  "AttributeName": "notesID",
                  "KeyType": "HASH"
                }
              ]
            }
          },
          "cognitoUserPool": {
            "Type": "AWS::Cognito::UserPool",
            "Properties": {
              "UserPoolName": "MyNotesUP-dev"
            }
          },
          "cognitoUserPoolWebClient": {
            "Type": "AWS::Cognito::UserPoolClient",
            "Properties": {
              "UserPoolId": {
                "Ref": "cognitoUserPool"
              },
              "ClientName": "webClient",
              "AllowedOAuthFlowsUserPoolClient": true,
              "AllowedOAuthScopes": [
                "phone",
                "email",
                "profile",
                "openid"
              ],
              "AllowedOAuthFlows": [
                "implicit"
              ],
              "SupportedIdentityProviders": [
                "COGNITO"
              ],
              "CallbackURLs": [
                "http://localhost:3000"
              ]
            }
          },
          "cognitoUserPoolDomain": {
            "Type": "AWS::Cognito::UserPoolDomain",
            "Properties": {
              "UserPoolId": {
                "Ref": "cognitoUserPool"
              },
              "Domain": "mynotesdemocd-dev"
            }
          },
          "userPoolIdParam": {
            "Type": "AWS::SSM::Parameter",
            "Properties": {
              "Name": "/notes/dev/userPoolArn",
              "Type": "String",
              "Value": {
                "Fn::GetAtt": [
                  "cognitoUserPool",
                  "Arn"
                ]
              }
            }
          },
          "CWLSubFilterAuthorizerLogGroupUsEast1": {
            "Type": "AWS::Logs::SubscriptionFilter",
            "Properties": {
              "DestinationArn": "arn:aws:logs:us-east-1:802587217904:destination:00f4ad9d-c4da-4bdf-bbb4-5b6022df34ef#wMgVl1GQCDYHq5RRt9#notes-api#dev",
              "FilterPattern": "?\"REPORT RequestId: \" ?\"SERVERLESS_ENTERPRISE\"",
              "LogGroupName": {
                "Ref": "AuthorizerLogGroup"
              }
            }
          },
          "CWLSubFilterCreateNoteLogGroupUsEast1": {
            "Type": "AWS::Logs::SubscriptionFilter",
            "Properties": {
              "DestinationArn": "arn:aws:logs:us-east-1:802587217904:destination:00f4ad9d-c4da-4bdf-bbb4-5b6022df34ef#wMgVl1GQCDYHq5RRt9#notes-api#dev",
              "FilterPattern": "?\"REPORT RequestId: \" ?\"SERVERLESS_ENTERPRISE\"",
              "LogGroupName": {
                "Ref": "CreateNoteLogGroup"
              }
            }
          },
          "CWLSubFilterUpdateNoteLogGroupUsEast1": {
            "Type": "AWS::Logs::SubscriptionFilter",
            "Properties": {
              "DestinationArn": "arn:aws:logs:us-east-1:802587217904:destination:00f4ad9d-c4da-4bdf-bbb4-5b6022df34ef#wMgVl1GQCDYHq5RRt9#notes-api#dev",
              "FilterPattern": "?\"REPORT RequestId: \" ?\"SERVERLESS_ENTERPRISE\"",
              "LogGroupName": {
                "Ref": "UpdateNoteLogGroup"
              }
            }
          },
          "CWLSubFilterDeleteNoteLogGroupUsEast1": {
            "Type": "AWS::Logs::SubscriptionFilter",
            "Properties": {
              "DestinationArn": "arn:aws:logs:us-east-1:802587217904:destination:00f4ad9d-c4da-4bdf-bbb4-5b6022df34ef#wMgVl1GQCDYHq5RRt9#notes-api#dev",
              "FilterPattern": "?\"REPORT RequestId: \" ?\"SERVERLESS_ENTERPRISE\"",
              "LogGroupName": {
                "Ref": "DeleteNoteLogGroup"
              }
            }
          },
          "CWLSubFilterGetAllNotesLogGroupUsEast1": {
            "Type": "AWS::Logs::SubscriptionFilter",
            "Properties": {
              "DestinationArn": "arn:aws:logs:us-east-1:802587217904:destination:00f4ad9d-c4da-4bdf-bbb4-5b6022df34ef#wMgVl1GQCDYHq5RRt9#notes-api#dev",
              "FilterPattern": "?\"REPORT RequestId: \" ?\"SERVERLESS_ENTERPRISE\"",
              "LogGroupName": {
                "Ref": "GetAllNotesLogGroup"
              }
            }
          },
          "CWLSubFilterApiGatewayLogGroupUsEast1": {
            "Type": "AWS::Logs::SubscriptionFilter",
            "Properties": {
              "DestinationArn": "arn:aws:logs:us-east-1:802587217904:destination:00f4ad9d-c4da-4bdf-bbb4-5b6022df34ef#wMgVl1GQCDYHq5RRt9#notes-api#dev",
              "FilterPattern": "\"SLS_ACCESS_LOG\"",
              "LogGroupName": {
                "Ref": "ApiGatewayLogGroup"
              }
            }
          }
        },
        "Outputs": {
          "ServerlessDeploymentBucketName": {
            "Value": {
              "Ref": "ServerlessDeploymentBucket"
            },
            "Export": {
              "Name": "sls-notes-api-dev-ServerlessDeploymentBucketName"
            }
          },
          "EnterpriseLogAccessIamRole": {
            "Value": {
              "Fn::GetAtt": [
                "EnterpriseLogAccessIamRole",
                "Arn"
              ]
            },
            "Export": {
              "Name": "sls-notes-api-dev-EnterpriseLogAccessIamRole"
            }
          },
          "AuthorizerLambdaFunctionQualifiedArn": {
            "Description": "Current Lambda function version",
            "Value": {
              "Ref": "AuthorizerLambdaVersionmSnffBs2fhtYzm7hWkm20Hhn0PTDViEneG0vLwow"
            },
            "Export": {
              "Name": "sls-notes-api-dev-AuthorizerLambdaFunctionQualifiedArn"
            }
          },
          "CreateNoteLambdaFunctionQualifiedArn": {
            "Description": "Current Lambda function version",
            "Value": {
              "Ref": "CreateNoteLambdaVersionZG1kxsT67gKje7BwmUpaJ6xJTXDxmWvdljVmsJh8I"
            },
            "Export": {
              "Name": "sls-notes-api-dev-CreateNoteLambdaFunctionQualifiedArn"
            }
          },
          "UpdateNoteLambdaFunctionQualifiedArn": {
            "Description": "Current Lambda function version",
            "Value": {
              "Ref": "UpdateNoteLambdaVersionyhanHjarDaTaqNERkx24X3Q5xwyxFWCUxbv0w7kw5M"
            },
            "Export": {
              "Name": "sls-notes-api-dev-UpdateNoteLambdaFunctionQualifiedArn"
            }
          },
          "DeleteNoteLambdaFunctionQualifiedArn": {
            "Description": "Current Lambda function version",
            "Value": {
              "Ref": "DeleteNoteLambdaVersionEbKQzRF8EhJJexqKsPHhn6ia6gKomBGQpDDJHMw0gg"
            },
            "Export": {
              "Name": "sls-notes-api-dev-DeleteNoteLambdaFunctionQualifiedArn"
            }
          },
          "GetAllNotesLambdaFunctionQualifiedArn": {
            "Description": "Current Lambda function version",
            "Value": {
              "Ref": "GetAllNotesLambdaVersionruyGU9ROm60Pf0GjA0z7UMZh3fZjrPala53dU75qI"
            },
            "Export": {
              "Name": "sls-notes-api-dev-GetAllNotesLambdaFunctionQualifiedArn"
            }
          },
          "ServiceEndpoint": {
            "Description": "URL of the service endpoint",
            "Value": {
              "Fn::Join": [
                "",
                [
                  "https://",
                  {
                    "Ref": "ApiGatewayRestApi"
                  },
                  ".execute-api.",
                  {
                    "Ref": "AWS::Region"
                  },
                  ".",
                  {
                    "Ref": "AWS::URLSuffix"
                  },
                  "/dev"
                ]
              ]
            },
            "Export": {
              "Name": "sls-notes-api-dev-ServiceEndpoint"
            }
          }
        }
      },
      "coreCloudFormationTemplate": {
        "AWSTemplateFormatVersion": "2010-09-09",
        "Description": "The AWS CloudFormation template for this Serverless application",
        "Resources": {
          "ServerlessDeploymentBucket": {
            "Type": "AWS::S3::Bucket",
            "Properties": {
              "BucketEncryption": {
                "ServerSideEncryptionConfiguration": [
                  {
                    "ServerSideEncryptionByDefault": {
                      "SSEAlgorithm": "AES256"
                    }
                  }
                ]
              }
            }
          },
          "ServerlessDeploymentBucketPolicy": {
            "Type": "AWS::S3::BucketPolicy",
            "Properties": {
              "Bucket": {
                "Ref": "ServerlessDeploymentBucket"
              },
              "PolicyDocument": {
                "Statement": [
                  {
                    "Action": "s3:*",
                    "Effect": "Deny",
                    "Principal": "*",
                    "Resource": [
                      {
                        "Fn::Join": [
                          "",
                          [
                            "arn:",
                            {
                              "Ref": "AWS::Partition"
                            },
                            ":s3:::",
                            {
                              "Ref": "ServerlessDeploymentBucket"
                            },
                            "/*"
                          ]
                        ]
                      },
                      {
                        "Fn::Join": [
                          "",
                          [
                            "arn:",
                            {
                              "Ref": "AWS::Partition"
                            },
                            ":s3:::",
                            {
                              "Ref": "ServerlessDeploymentBucket"
                            }
                          ]
                        ]
                      }
                    ],
                    "Condition": {
                      "Bool": {
                        "aws:SecureTransport": false
                      }
                    }
                  }
                ]
              }
            }
          }
        },
        "Outputs": {
          "ServerlessDeploymentBucketName": {
            "Value": {
              "Ref": "ServerlessDeploymentBucket"
            }
          }
        }
      },
      "logs": {
        "restApi": {
          "format": "{\"requestTime\":\"$context.requestTime\",\"requestId\":\"$context.requestId\",\"apiId\":\"$context.apiId\",\"resourceId\":\"$context.resourceId\",\"resourcePath\":\"$context.resourcePath\",\"path\":\"$context.path\",\"httpMethod\":\"$context.httpMethod\",\"status\":\"$context.status\",\"authLatency\":\"$context.authorizer.integrationLatency\",\"integrationLatency\":\"$context.integrationLatency\",\"integrationStatus\":\"$context.integrationStatus\",\"responseLatency\":\"$context.responseLatency\",\"responseLength\":\"$context.responseLength\",\"errorMessage\":\"$context.error.message\",\"format\":\"SLS_ACCESS_LOG\",\"version\":\"1.0.0\"}"
        }
      },
      "vpc": {}
    },
    "plugins": [
      "serverless-iam-roles-per-function"
    ],
    "pluginsData": {},
    "functions": {
      "authorizer": {
        "handler": "s_authorizer.handler",
        "environment": {
          "COGNITO_USERPOOL_ID": {
            "$ref": "$[\"service\"][\"provider\"][\"compiledCloudFormationTemplate\"][\"Resources\"][\"AuthorizerLambdaFunction\"][\"Properties\"][\"Environment\"][\"Variables\"][\"COGNITO_USERPOOL_ID\"]"
          },
          "COGNITO_WEB_CLIENT_ID": {
            "$ref": "$[\"service\"][\"provider\"][\"compiledCloudFormationTemplate\"][\"Resources\"][\"AuthorizerLambdaFunction\"][\"Properties\"][\"Environment\"][\"Variables\"][\"COGNITO_WEB_CLIENT_ID\"]"
          }
        },
        "events": [],
        "name": "notes-api-dev-authorizer",
        "package": {},
        "memory": 1024,
        "timeout": 6,
        "runtime": "nodejs14.x",
        "vpc": {},
        "versionLogicalId": "AuthorizerLambdaVersionmSnffBs2fhtYzm7hWkm20Hhn0PTDViEneG0vLwow"
      },
      "createNote": {
        "handler": "s_createNote.handler",
        "environment": {
          "NOTES_TABLE_NAME": {
            "$ref": "$[\"service\"][\"provider\"][\"compiledCloudFormationTemplate\"][\"Resources\"][\"CreateNoteLambdaFunction\"][\"Properties\"][\"Environment\"][\"Variables\"][\"NOTES_TABLE_NAME\"]"
          },
          "AWS_NODEJS_CONNECTION_REUSE_ENABLED": "1"
        },
        "iamRoleStatements": [
          {
            "$ref": "$[\"service\"][\"provider\"][\"compiledCloudFormationTemplate\"][\"Resources\"][\"CreateNoteIamRoleLambdaExecution\"][\"Properties\"][\"Policies\"][0][\"PolicyDocument\"][\"Statement\"][1]"
          }
        ],
        "events": [
          {
            "http": {
              "method": "post",
              "path": "notes",
              "authorizer": {
                "name": "authorizer",
                "arn": {
                  "$ref": "$[\"service\"][\"provider\"][\"compiledCloudFormationTemplate\"][\"Resources\"][\"AuthorizerLambdaPermissionApiGateway\"][\"Properties\"][\"FunctionName\"]"
                },
                "managedExternally": false,
                "identitySource": "method.request.header.Authorization"
              },
              "integration": "AWS_PROXY"
            }
          }
        ],
        "name": "notes-api-dev-createNote",
        "package": {},
        "memory": 1024,
        "timeout": 6,
        "runtime": "nodejs14.x",
        "vpc": {},
        "versionLogicalId": "CreateNoteLambdaVersionZG1kxsT67gKje7BwmUpaJ6xJTXDxmWvdljVmsJh8I"
      },
      "updateNote": {
        "handler": "s_updateNote.handler",
        "environment": {
          "NOTES_TABLE_NAME": {
            "$ref": "$[\"service\"][\"provider\"][\"compiledCloudFormationTemplate\"][\"Resources\"][\"UpdateNoteLambdaFunction\"][\"Properties\"][\"Environment\"][\"Variables\"][\"NOTES_TABLE_NAME\"]"
          },
          "AWS_NODEJS_CONNECTION_REUSE_ENABLED": "1"
        },
        "iamRoleStatements": [
          {
            "$ref": "$[\"service\"][\"provider\"][\"compiledCloudFormationTemplate\"][\"Resources\"][\"UpdateNoteIamRoleLambdaExecution\"][\"Properties\"][\"Policies\"][0][\"PolicyDocument\"][\"Statement\"][1]"
          }
        ],
        "events": [
          {
            "http": {
              "method": "put",
              "path": "notes/{idNota}",
              "authorizer": {
                "name": "authorizer",
                "arn": {
                  "$ref": "$[\"service\"][\"provider\"][\"compiledCloudFormationTemplate\"][\"Resources\"][\"AuthorizerLambdaPermissionApiGateway\"][\"Properties\"][\"FunctionName\"]"
                },
                "managedExternally": false,
                "identitySource": "method.request.header.Authorization"
              },
              "integration": "AWS_PROXY"
            }
          }
        ],
        "name": "notes-api-dev-updateNote",
        "package": {},
        "memory": 1024,
        "timeout": 6,
        "runtime": "nodejs14.x",
        "vpc": {},
        "versionLogicalId": "UpdateNoteLambdaVersionyhanHjarDaTaqNERkx24X3Q5xwyxFWCUxbv0w7kw5M"
      },
      "deleteNote": {
        "handler": "s_deleteNote.handler",
        "environment": {
          "NOTES_TABLE_NAME": {
            "$ref": "$[\"service\"][\"provider\"][\"compiledCloudFormationTemplate\"][\"Resources\"][\"DeleteNoteLambdaFunction\"][\"Properties\"][\"Environment\"][\"Variables\"][\"NOTES_TABLE_NAME\"]"
          },
          "AWS_NODEJS_CONNECTION_REUSE_ENABLED": "1"
        },
        "iamRoleStatements": [
          {
            "$ref": "$[\"service\"][\"provider\"][\"compiledCloudFormationTemplate\"][\"Resources\"][\"DeleteNoteIamRoleLambdaExecution\"][\"Properties\"][\"Policies\"][0][\"PolicyDocument\"][\"Statement\"][1]"
          }
        ],
        "events": [
          {
            "http": {
              "method": "delete",
              "path": "notes/{idNota}",
              "authorizer": {
                "name": "authorizer",
                "arn": {
                  "$ref": "$[\"service\"][\"provider\"][\"compiledCloudFormationTemplate\"][\"Resources\"][\"AuthorizerLambdaPermissionApiGateway\"][\"Properties\"][\"FunctionName\"]"
                },
                "managedExternally": false,
                "identitySource": "method.request.header.Authorization"
              },
              "integration": "AWS_PROXY"
            }
          }
        ],
        "name": "notes-api-dev-deleteNote",
        "package": {},
        "memory": 1024,
        "timeout": 6,
        "runtime": "nodejs14.x",
        "vpc": {},
        "versionLogicalId": "DeleteNoteLambdaVersionEbKQzRF8EhJJexqKsPHhn6ia6gKomBGQpDDJHMw0gg"
      },
      "getAllNotes": {
        "handler": "s_getAllNotes.handler",
        "environment": {
          "NOTES_TABLE_NAME": {
            "$ref": "$[\"service\"][\"provider\"][\"compiledCloudFormationTemplate\"][\"Resources\"][\"GetAllNotesLambdaFunction\"][\"Properties\"][\"Environment\"][\"Variables\"][\"NOTES_TABLE_NAME\"]"
          },
          "AWS_NODEJS_CONNECTION_REUSE_ENABLED": "1"
        },
        "iamRoleStatements": [
          {
            "$ref": "$[\"service\"][\"provider\"][\"compiledCloudFormationTemplate\"][\"Resources\"][\"GetAllNotesIamRoleLambdaExecution\"][\"Properties\"][\"Policies\"][0][\"PolicyDocument\"][\"Statement\"][1]"
          }
        ],
        "events": [
          {
            "http": {
              "method": "get",
              "path": "notes",
              "authorizer": {
                "type": "COGNITO_USER_POOLS",
                "name": "userpool_authorizer",
                "arn": {
                  "Fn::GetAtt": [
                    "cognitoUserPool",
                    "Arn"
                  ]
                },
                "managedExternally": false,
                "resultTtlInSeconds": 300,
                "identitySource": "method.request.header.Authorization",
                "claims": []
              },
              "integration": "AWS_PROXY"
            }
          }
        ],
        "name": "notes-api-dev-getAllNotes",
        "package": {},
        "memory": 1024,
        "timeout": 6,
        "runtime": "nodejs14.x",
        "vpc": {},
        "versionLogicalId": "GetAllNotesLambdaVersionruyGU9ROm60Pf0GjA0z7UMZh3fZjrPala53dU75qI"
      }
    },
    "resources": {
      "Resources": {
        "zmmttNotesTable": {
          "Type": "AWS::DynamoDB::Table",
          "Properties": {
            "TableName": "zmmttNotesTable-dev",
            "BillingMode": "PAY_PER_REQUEST",
            "AttributeDefinitions": [
              {
                "AttributeName": "notesID",
                "AttributeType": "S"
              }
            ],
            "KeySchema": [
              {
                "AttributeName": "notesID",
                "KeyType": "HASH"
              }
            ]
          }
        },
        "cognitoUserPool": {
          "Type": "AWS::Cognito::UserPool",
          "Properties": {
            "UserPoolName": "MyNotesUP-dev"
          }
        },
        "cognitoUserPoolWebClient": {
          "Type": "AWS::Cognito::UserPoolClient",
          "Properties": {
            "UserPoolId": {
              "Ref": "cognitoUserPool"
            },
            "ClientName": "webClient",
            "AllowedOAuthFlowsUserPoolClient": true,
            "AllowedOAuthScopes": [
              "phone",
              "email",
              "profile",
              "openid"
            ],
            "AllowedOAuthFlows": [
              "implicit"
            ],
            "SupportedIdentityProviders": [
              "COGNITO"
            ],
            "CallbackURLs": [
              "http://localhost:3000"
            ]
          }
        },
        "cognitoUserPoolDomain": {
          "Type": "AWS::Cognito::UserPoolDomain",
          "Properties": {
            "UserPoolId": {
              "Ref": "cognitoUserPool"
            },
            "Domain": "mynotesdemocd-dev"
          }
        },
        "userPoolIdParam": {
          "Type": "AWS::SSM::Parameter",
          "Properties": {
            "Name": "/notes/dev/userPoolArn",
            "Type": "String",
            "Value": {
              "Fn::GetAtt": [
                "cognitoUserPool",
                "Arn"
              ]
            }
          }
        }
      },
      "Outputs": {}
    },
    "configValidationMode": "warn",
    "serviceFilename": "serverless.yml",
    "initialServerlessConfig": {
      "org": "lmiranda",
      "app": "notes",
      "service": "notes-api",
      "frameworkVersion": "2 || 3",
      "provider": {
        "$ref": "$[\"service\"][\"provider\"]"
      },
      "functions": {
        "$ref": "$[\"service\"][\"functions\"]"
      },
      "plugins": {
        "$ref": "$[\"service\"][\"plugins\"]"
      },
      "resources": {
        "$ref": "$[\"service\"][\"resources\"]"
      }
    },
    "app": "notes",
    "org": "lmiranda",
    "layers": {},
    "isDashboardMonitoringPreconfigured": true,
    "isDashboardAppPreconfigured": true,
    "orgUid": "00f4ad9d-c4da-4bdf-bbb4-5b6022df34ef",
    "appUid": "wMgVl1GQCDYHq5RRt9",
    "artifact": "/Users/igutierrez/Desktop/aws/projects/notes/.serverless/notes-api.zip"
  },
  "package": {
    "artifactDirectoryName": "serverless/notes-api/dev/1676389442869-2023-02-14T15:44:02.869Z",
    "artifact": "notes-api.zip"
  }
}